{
    "frames": [
        {
            "filename": "1",
            "frame": {
                "w": 64,
                "h": 21,
                "x": 0,
                "y": 0
            },
            "anchor": {
                "x": 0.5,
                "y": 0.5
            }
        },
        {
            "filename": "2",
            "frame": {
                "w": 64,
                "h": 21,
                "x": 0,
                "y": 21
            },
            "anchor": {
                "x": 0.5,
                "y": 0.5
            }
        },
        {
            "filename": "3",
            "frame": {
                "w": 64,
                "h": 21,
                "x": 0,
                "y": 42
            },
            "anchor": {
                "x": 0.5,
                "y": 0.5
            }
        },
        {
            "filename": "4",
            "frame": {
                "w": 64,
                "h": 21,
                "x": 0,
                "y": 63
            },
            "anchor": {
                "x": 0.5,
                "y": 0.5
            }
        },
        {
            "filename": "5",
            "frame": {
                "w": 64,
                "h": 21,
                "x": 64,
                "y": 0
            },
            "anchor": {
                "x": 0.5,
                "y": 0.5
            }
        }
    ],
    "meta": {
        "description": "Atlas generado con Atlas Packer Gamma V2",
        "web": "https://gammafp.github.io/atlas-packer-phaser/"
    }
}